{
  "metrics": {
    "pass@1": 0.68
  },
  "seconds_generate": 1000.9850025441847,
  "seconds_eval": 10.95803966600215,
  "seconds_total": 1011.9430422101868,
  "tasks": 50,
  "samples_path": "eval/runs/20260205-162415/samples.escalate.jsonl",
  "eval_samples_path": "eval/runs/20260205-162415/samples.escalate.normalized.jsonl",
  "slow_used": 2,
  "repair_attempted": 0,
  "repair_applied": 0
}