{
  "metrics": {
    "pass@1": 0.54
  },
  "seconds_generate": 447.84882287710207,
  "seconds_eval": 11.507347791979555,
  "seconds_total": 459.3561706690816,
  "tasks": 50,
  "samples_path": "eval/runs/20260206-015112/samples.repair.jsonl",
  "eval_samples_path": "eval/runs/20260206-015112/samples.repair.normalized.jsonl",
  "slow_used": 0,
  "repair_attempted": 2,
  "repair_applied": 1
}